"id","module"
"HES4","blue"
"SLC25A33","blue"
"RBP7","blue"
"PGD","blue"
"AGTRAP","blue"
"CLCN6","blue"
"TNFRSF8","blue"
"TNFRSF1B","blue"
"EFHD2","blue"
"CASP9","blue"
"PADI2","blue"
"PADI4","blue"
"ARHGEF10L","blue"
"CDA","blue"
"C1QA","blue"
"EPHB2","blue"
"SRRM1","turquoise"
"CLIC4","blue"
"FGR","blue"
"THEMIS2","blue"
"SMPDL3B","blue"
"PTAFR","blue"
"LAPTM5","blue"
"AGO4","blue"
"AGO1","blue"
"THRAP3","turquoise"
"CSF3R","blue"
"MYCL","blue"
"ERMAP","blue"
"SPATA6","blue"
"FAF1","turquoise"
"IL12RB2","brown"
"GNG12-AS1","blue"
"WLS","blue"
"NEGR1","blue"
"ST6GALNAC3","blue"
"AL359762.1","blue"
"KYAT3","turquoise"
"EVI5","blue"
"LINC02785","blue"
"SORT1","blue"
"CTTNBP2NL","blue"
"RHOC","blue"
"SLC22A15","blue"
"ZNF697","blue"
"NOTCH2","blue"
"SRGAP2B","blue"
"CD160","brown"
"NBPF14","blue"
"FCGR1A","blue"
"MTMR11","blue"
"AC242988.2","blue"
"ADAMTSL4","blue"
"ADAMTSL4-AS1","blue"
"HORMAD1","blue"
"CTSS","blue"
"AL450992.3","blue"
"S100A11","blue"
"S100A9","blue"
"S100A12","blue"
"S100A6","blue"
"GATAD2B","turquoise"
"ADAM15","blue"
"SEMA4A","blue"
"ARHGEF11","blue"
"FCRL5","green"
"FCRL2","yellow"
"FCRL1","green"
"CD1D","blue"
"CD1C","blue"
"MNDA","blue"
"AIM2","yellow"
"FCER1A","blue"
"FCRL6","brown"
"PEA15","blue"
"FCER1G","blue"
"FCGR2A","blue"
"HSPA6","blue"
"FCGR3A","blue"
"FCRLA","green"
"MPZL1","blue"
"XCL2","brown"
"ATP1B1","blue"
"FASLG","brown"
"RASAL2","blue"
"RALGPS2","yellow"
"ANGPTL1","yellow"
"QSOX1","blue"
"GLUL","blue"
"NPL","blue"
"LAMC1","yellow"
"NCF2","blue"
"C1orf21","brown"
"PTGS2","blue"
"PLA2G4A","blue"
"RGS18","blue"
"AL450352.1","brown"
"RNPEP","blue"
"LGR6","brown"
"RHEX","green"
"SRGAP2","blue"
"CR2","yellow"
"CR1","blue"
"AL137789.1","blue"
"PLXNA2","blue"
"G0S2","blue"
"SLC30A1","blue"
"LPGAT1","blue"
"ATF3","blue"
"BATF3","blue"
"KCTD3","blue"
"MARC1","blue"
"HLX-AS1","blue"
"HLX","blue"
"TLR5","blue"
"RHOU","blue"
"SIPA1L2","blue"
"SLC35F3","blue"
"AL391832.2","blue"
"ARID4B","turquoise"
"LYST","blue"
"NID1","blue"
"KMO","blue"
"NLRP3","blue"
"LINC00299","brown"
"MBOAT2","blue"
"ADAM17","blue"
"FAM49A","blue"
"RHOB","blue"
"NLRC4","blue"
"RASGRP3","green"
"QPCT","blue"
"CYP1B1","blue"
"CYP1B1-AS1","blue"
"SLC8A1-AS1","blue"
"SLC8A1","blue"
"HAAO","blue"
"RHOQ","blue"
"AC018682.1","blue"
"EML6","green"
"CCDC88A","blue"
"BCL11A","blue"
"USP34","turquoise"
"AC012368.1","blue"
"SPRED2","blue"
"PLEK","blue"
"MXD1","blue"
"ZNF638","turquoise"
"DYSF","blue"
"SFXN5","blue"
"LOXL3","blue"
"DOK1","blue"
"HK2","blue"
"CAPG","blue"
"GNLY","brown"
"PTCD3","turquoise"
"IGKC","green"
"IGKV1-5","green"
"TMEM127","blue"
"TBC1D8","blue"
"IL1R2","blue"
"IL1R1","blue"
"IL18RAP","brown"
"MERTK","blue"
"IL1A","blue"
"IL1B","blue"
"IL1RN","blue"
"MARCO","blue"
"RALB","blue"
"IWS1","turquoise"
"WDR33","turquoise"
"PTPN18","blue"
"HNMT","blue"
"AC114763.1","blue"
"SPOPL","blue"
"KYNU","blue"
"ZEB2","blue"
"AC009951.5","blue"
"ZEB2-AS1","blue"
"MBD5","turquoise"
"TNFAIP6","blue"
"CACNB4","blue"
"FMNL2","blue"
"BAZ2B","blue"
"MARCH7","turquoise"
"CD302","blue"
"AC009313.1","blue"
"TANK","blue"
"GCA","blue"
"COBLL1","green"
"CYBRD1","blue"
"MAP3K20","blue"
"MAP3K20-AS1","blue"
"SESTD1","blue"
"AC096667.1","blue"
"ZNF804A","blue"
"CALCRL","blue"
"ORMDL1","turquoise"
"CLK1","turquoise"
"AC009226.1","blue"
"GPBAR1","blue"
"CATIP","blue"
"SLC11A1","blue"
"CYP27A1","blue"
"COL4A4","yellow"
"COL4A3","yellow"
"PID1","blue"
"DIS3L2","turquoise"
"AGAP1","brown"
"AC012076.1","blue"
"ARL8B","blue"
"CAMK1","blue"
"AC083855.2","blue"
"ATG7","blue"
"PPARG","blue"
"SLC6A6","blue"
"CCDC174","turquoise"
"EAF1","blue"
"ZNF385D","yellow"
"UBE2E2","blue"
"LINC02084","brown"
"EOMES","brown"
"OSBPL10","yellow"
"CMTM6","blue"
"CRTAP","blue"
"MYD88","blue"
"OXSR1","blue"
"CX3CR1","blue"
"TRAK1","blue"
"ABHD5","blue"
"CCR1","blue"
"CCR2","blue"
"SMARCC1","turquoise"
"PFKFB4","blue"
"CACNA2D2","brown"
"MAPKAPK3","blue"
"STAB1","blue"
"PRKCD","blue"
"TKT","blue"
"CACNA2D3","blue"
"TMF1","turquoise"
"FRMD4B","blue"
"MITF","blue"
"LINC00877","blue"
"ST3GAL6","blue"
"PCNP","turquoise"
"NFKBIZ","blue"
"ARHGAP31","blue"
"CD86","blue"
"CSTA","blue"
"SLC49A4","blue"
"CHST13","blue"
"PLXND1","blue"
"ATP2C1","turquoise"
"AC010210.1","blue"
"ACPP","blue"
"MRAS","blue"
"U2SURP","turquoise"
"PLSCR1","blue"
"RNF13","blue"
"P2RY13","blue"
"PTX3","blue"
"MFSD1","blue"
"PPM1L","blue"
"SERPINI2","blue"
"WDR49","blue"
"GOLIM4","blue"
"PLD1","blue"
"GNB4","blue"
"B3GNT5","blue"
"IGF2BP2","blue"
"DGKG","blue"
"EIF4A2","turquoise"
"BCL6","blue"
"TP63","green"
"HES1","blue"
"SPON2","brown"
"LINC002481","brown"
"SLC2A9","blue"
"AC092546.1","blue"
"BST1","blue"
"FGFBP2","brown"
"CCDC149","blue"
"DTHD1","brown"
"AC104078.2","brown"
"TLR10","yellow"
"TLR6","blue"
"RBM47","blue"
"AC108210.1","blue"
"SCFD2","turquoise"
"HOPX","brown"
"IGFBP7","blue"
"YTHDC1","turquoise"
"JCHAIN","green"
"SLC4A4","brown"
"CXCL8","blue"
"CXCL3","blue"
"CXCL2","blue"
"EREG","blue"
"BMP2K","blue"
"RASGEF1B","blue"
"HNRNPDL","turquoise"
"HPSE","blue"
"GPAT3","blue"
"WDFY3","blue"
"ARHGAP24","blue"
"MAPK10","blue"
"SNCA","blue"
"CCSER1","yellow"
"PDLIM5","blue"
"DAPP1","blue"
"BANK1","yellow"
"AP002075.1","yellow"
"MANBA","blue"
"TET2","blue"
"SGMS2","blue"
"AC096564.1","blue"
"ANXA5","blue"
"ANKRD50","blue"
"SLC7A11","blue"
"MAML3","blue"
"TBC1D9","blue"
"LINC02432","blue"
"IL15","blue"
"GAB1","blue"
"SMAD1","blue"
"TLR2","blue"
"PDGFC","blue"
"GASK1B","blue"
"FAM198B-AS1","blue"
"TMEM144","blue"
"MARCH1","blue"
"SPOCK3","blue"
"SH3RF1","blue"
"GALNTL6","yellow"
"SAP30","blue"
"GPM6A","yellow"
"ACSL1","blue"
"AC084871.1","blue"
"AC084871.3","blue"
"MIR3945HG","blue"
"TRIO","blue"
"BASP1","blue"
"PRLR","blue"
"ZNF131","turquoise"
"SNX18","blue"
"GZMA","brown"
"GAPT","blue"
"ZSWIM6","blue"
"NLN","blue"
"CD180","blue"
"OCLN","blue"
"NAIP","blue"
"ZNF366","blue"
"FCHO2","blue"
"HEXB","blue"
"S100Z","blue"
"AC008771.1","blue"
"FAM151B","blue"
"XRCC4","blue"
"VCAN","blue"
"VCAN-AS1","blue"
"MEF2C-AS2","blue"
"MEF2C","blue"
"MEF2C-AS1","blue"
"LUCAT1","blue"
"MCTP1","blue"
"LIX1-AS1","yellow"
"SLCO4C1","brown"
"EFNA5","brown"
"FBN2","blue"
"P4HA2","blue"
"SLC22A4","blue"
"SHROOM1","blue"
"H2AFY","blue"
"TGFBI","blue"
"SPOCK1","blue"
"CTNNA1","blue"
"MZB1","green"
"HBEGF","blue"
"ANKHD1","turquoise"
"CD14","blue"
"IK","turquoise"
"ARAP3","blue"
"ARHGAP26","blue"
"ARHGAP26-AS1","blue"
"PRELID2","blue"
"RBM27","turquoise"
"PPP2R2B","brown"
"PPARGC1B","blue"
"CSF1R","blue"
"CD74","blue"
"NDST1","blue"
"GM2A","blue"
"SLC36A1","blue"
"HAVCR2","blue"
"EBF1","yellow"
"KCNMB1","blue"
"HRH2","blue"
"HK3","blue"
"RAB24","blue"
"DOK3","blue"
"RNF130","blue"
"EXOC2","turquoise"
"F13A1","blue"
"LY86-AS1","blue"
"LY86","blue"
"AL031123.1","blue"
"TXNDC5","green"
"GCNT2","blue"
"SYCP2L","blue"
"NEDD9","blue"
"TMEM170B","blue"
"PHACTR1","blue"
"GFOD1","blue"
"RANBP9","turquoise"
"CD83","blue"
"AL138720.1","blue"
"JARID2","blue"
"KIF13A","blue"
"KDM1B","blue"
"RNF144B","blue"
"MBOAT1","blue"
"TDP2","turquoise"
"IER3","blue"
"LST1","blue"
"AIF1","blue"
"HSPA1A","blue"
"HLA-DRA","blue"
"HLA-DRB5","blue"
"HLA-DRB1","blue"
"HLA-DQA1","blue"
"HLA-DQB1","blue"
"HLA-DQA2","blue"
"HLA-DQB2","blue"
"HLA-DOB","yellow"
"HLA-DMB","blue"
"HLA-DMA","blue"
"HLA-DOA","blue"
"HLA-DPA1","blue"
"HLA-DPB1","blue"
"TAF11","turquoise"
"CDKN1A","blue"
"RAB44","blue"
"CPNE5","green"
"FGD2","blue"
"OARD1","turquoise"
"TREM1","blue"
"FOXP4","blue"
"VEGFA","blue"
"PLA2G7","blue"
"TNFRSF21","blue"
"DST","blue"
"ADGRB3","blue"
"COL19A1","yellow"
"FAM135A","blue"
"CD109","blue"
"TENT5A","blue"
"ME1","blue"
"AKIRIN2","blue"
"PNRC1","turquoise"
"RRAGD","blue"
"MAP3K7","turquoise"
"PNISR","turquoise"
"FOXO3","blue"
"MARCKS","blue"
"CALHM6","blue"
"NKAIN2","yellow"
"RNF217","blue"
"AL355581.1","brown"
"VNN1","blue"
"VNN3","blue"
"SGK1","blue"
"LINC01010","blue"
"PDE7B","blue"
"BCLAF1","turquoise"
"IFNGR1","blue"
"NHSL1","blue"
"PLAGL1","blue"
"STX11","blue"
"RAB32","blue"
"SASH1","blue"
"PLEKHG1","yellow"
"CCDC170","blue"
"SOD2","blue"
"QKI","blue"
"FAM20C","blue"
"ADAP1","blue"
"SNX8","blue"
"TTYH3","blue"
"AMZ1","blue"
"AC024028.1","brown"
"AHR","blue"
"HDAC9","blue"
"STEAP1B","yellow"
"IL6","blue"
"TRA2A","turquoise"
"SNX10","blue"
"SKAP2","blue"
"HOTAIRM1","blue"
"CREB5","blue"
"AC005162.3","blue"
"CPVL","blue"
"CHN2","blue"
"EEPD1","blue"
"EPDR1","blue"
"TRGC1","brown"
"CDK13","turquoise"
"TNS3","blue"
"LAT2","blue"
"NCF1","blue"
"FGL2","blue"
"PTPN12","blue"
"CD36","blue"
"SEMA3C","blue"
"HGF","blue"
"ABCB4","yellow"
"STEAP4","blue"
"CDK14","blue"
"FZD1","blue"
"FAM133B","turquoise"
"PDK4","blue"
"SLC25A13","blue"
"PILRA","blue"
"SH2B2","blue"
"PMPCB","turquoise"
"KMT2E","turquoise"
"NAMPT","blue"
"AC005050.3","blue"
"DOCK4","blue"
"TFEC","blue"
"CPED1","blue"
"IRF5","blue"
"LUC7L2","turquoise"
"TBXAS1","blue"
"MGAM","blue"
"ZNF467","blue"
"TMEM176B","blue"
"TMEM176A","blue"
"SMARCD3","blue"
"RBM33","turquoise"
"ESYT2","turquoise"
"VIPR2","brown"
"MYOM2","brown"
"BLK","yellow"
"CTSB","blue"
"MSR1","blue"
"ASAH1","blue"
"ATP6V1B2","blue"
"TNFRSF10C","blue"
"ADAM28","yellow"
"AC120193.1","yellow"
"DOCK5","blue"
"AC021678.2","yellow"
"NRG1","blue"
"ZNF703","blue"
"RAB11FIP1","blue"
"ADAM9","blue"
"CEBPD","blue"
"LYN","blue"
"LINC00968","blue"
"UBXN2B","blue"
"ZC2HC1A","blue"
"IL7","blue"
"AC083837.1","yellow"
"RIPK2","blue"
"AC117834.1","blue"
"TRIQK","blue"
"SDC2","blue"
"NIPAL2","blue"
"STK3","blue"
"SLC25A32","turquoise"
"ANGPT1","blue"
"MTSS1","blue"
"TRIB1","blue"
"CCDC26","blue"
"DENND3","blue"
"AC040970.1","blue"
"GSDMD","turquoise"
"NAPRT","blue"
"KIAA2026","turquoise"
"BNC2","brown"
"CNTLN","blue"
"MOB3B","blue"
"C9orf72","blue"
"LINGO2","brown"
"FAM214B","blue"
"RUSC2","blue"
"GLIPR2","blue"
"RNF38","turquoise"
"PAX5","yellow"
"PIP5K1B","blue"
"ZFAND5","blue"
"ALDH1A1","blue"
"CEP78","brown"
"DAPK1","blue"
"CTSL","blue"
"S1PR3","blue"
"SYK","blue"
"NFIL3","blue"
"NOL8","turquoise"
"FBP1","blue"
"TBC1D2","blue"
"ABCA1","blue"
"FSD1L","blue"
"LINC01505","brown"
"KLF4","blue"
"LPAR1","blue"
"SNX30","blue"
"SLC46A2","blue"
"SLC31A2","blue"
"FKBP15","blue"
"TLR4","blue"
"AL160272.1","blue"
"MEGF9","blue"
"PTGS1","blue"
"DENND1A","blue"
"AL390774.2","blue"
"NEK6","blue"
"NR6A1","blue"
"NIBAN2","blue"
"AL161785.1","blue"
"LINC01503","blue"
"FNBP1","turquoise"
"GBGT1","blue"
"SLC2A6","blue"
"VAV2","blue"
"RXRA","blue"
"FCN1","blue"
"C9orf139","blue"
"TOR4A","blue"
"AKR1C3","brown"
"ASB13","blue"
"TASOR2","turquoise"
"ECHDC3","blue"
"AL133415.1","blue"
"ST8SIA6","brown"
"PLXDC2","blue"
"AC069549.1","blue"
"OTUD1","blue"
"AL512603.2","blue"
"ARHGAP21","blue"
"MAP3K8","blue"
"ZNF438","blue"
"RASSF4","blue"
"ALOX5","blue"
"NCOA4","blue"
"ARHGAP22","blue"
"WDFY4","blue"
"AC060234.3","blue"
"IPMK","blue"
"UBE2D1","blue"
"PRF1","brown"
"VSIR","blue"
"PSAP","blue"
"ZNF503","blue"
"LRMDA","blue"
"DLG5","brown"
"ZMIZ1","blue"
"PPIF","blue"
"PAPSS2","blue"
"LIPN","blue"
"CPEB3","blue"
"HHEX","blue"
"MYOF","blue"
"TBC1D12","blue"
"ENTPD1","blue"
"BLNK","green"
"PIK3AP1","blue"
"RRP12","blue"
"UBTD1","blue"
"DNMBP","blue"
"TCF7L2","blue"
"AL158212.2","blue"
"ENO4","blue"
"SHTN1","blue"
"CHST15","blue"
"CTBP2","blue"
"PTPRE","blue"
"VENTX","blue"
"IFITM3","blue"
"TALDO1","blue"
"CD151","blue"
"TSPAN4","blue"
"CTSD","blue"
"TNNI2","blue"
"ASCL2","blue"
"CDKN1C","blue"
"AC107884.1","blue"
"DENND5A","blue"
"SWAP70","blue"
"MICAL2","blue"
"FAR1","blue"
"ANO5","blue"
"LGR4","blue"
"PRRG4","blue"
"HIPK3","blue"
"LMO2","blue"
"CAT","blue"
"LDLRAD3","blue"
"PRR5L","brown"
"AMBRA1","turquoise"
"SPI1","blue"
"AC090559.1","blue"
"FNBP4","turquoise"
"CTNND1","blue"
"AP001636.3","yellow"
"MPEG1","blue"
"STX3","blue"
"MS4A6A","blue"
"MS4A4A","blue"
"MS4A4E","blue"
"MS4A6E","blue"
"MS4A7","blue"
"MS4A14","blue"
"MS4A1","yellow"
"SLC15A3","blue"
"VPS37C","blue"
"FADS1","blue"
"BEST1","blue"
"FTH1","blue"
"RTN3","blue"
"SF1","turquoise"
"NEAT1","blue"
"EHBP1L1","blue"
"FOSL1","blue"
"CATSPER1","blue"
"GSTP1","blue"
"ALDH3B1","blue"
"CHKA","blue"
"TPCN2","blue"
"FOLR3","blue"
"PDE2A","blue"
"ARAP1","blue"
"P2RY6","blue"
"AP000763.3","blue"
"KCNE3","blue"
"DGAT2","blue"
"ACER3","blue"
"PAK1","blue"
"RSF1","turquoise"
"GAB2","blue"
"AP003086.1","blue"
"LINC02728","blue"
"PRCP","blue"
"PRSS23","brown"
"SMCO4","blue"
"PIWIL4","blue"
"PDGFD","brown"
"CASP1","blue"
"RAB39A","blue"
"ZC3H12C","blue"
"POU2AF1","green"
"NCAM1","brown"
"FXYD6","blue"
"JAML","blue"
"OAF","blue"
"GRAMD1B","blue"
"NRGN","blue"
"SLC37A2","blue"
"APLP2","blue"
"ST14","blue"
"LTBR","blue"
"GPR162","blue"
"CD163","blue"
"C3AR1","blue"
"CLEC4A","blue"
"AC092745.5","blue"
"LINC00937","blue"
"CLEC4D","blue"
"CLEC4E","blue"
"KLRF1","brown"
"CLEC12A","blue"
"CLEC1B","blue"
"CLEC12B","blue"
"CLEC7A","blue"
"OLR1","blue"
"TMEM52B","blue"
"KLRD1","brown"
"KLRC4","brown"
"KLRC3","brown"
"KLRC2","brown"
"KLRC1","brown"
"YBX3","blue"
"HEBP1","blue"
"PLBD1","blue"
"MGST1","blue"
"GOLT1B","turquoise"
"SOX5","yellow"
"BCAT1","blue"
"SSPN","green"
"STK38L","blue"
"DENND5B","green"
"FGD4","blue"
"CPNE8","blue"
"LRRK2","blue"
"PRICKLE1","blue"
"VDR","blue"
"AC024257.1","blue"
"NCKAP5L","blue"
"AC025259.3","blue"
"NFE2","blue"
"ZNF385A","blue"
"PDE1B","blue"
"LRP1","blue"
"STAC3","blue"
"PPM1H","blue"
"GNS","blue"
"IRAK3","blue"
"IFNG","brown"
"CPM","blue"
"LYZ","blue"
"AC020656.1","blue"
"TBC1D15","turquoise"
"GLIPR1","blue"
"LIN7A","blue"
"TMTC2","blue"
"DUSP6","blue"
"ATP2B1","blue"
"ATP2B1-AS1","blue"
"LINC02397","green"
"PLXNC1","blue"
"TMCC3","blue"
"FGD6","blue"
"HAL","blue"
"LTA4H","blue"
"APAF1","blue"
"GAS2L3","blue"
"DRAM1","blue"
"NFYB","turquoise"
"CKAP4","blue"
"CMKLR1","blue"
"SART3","turquoise"
"CORO1C","blue"
"SSH1","blue"
"HVCN1","blue"
"SH2B3","blue"
"ALDH2","blue"
"TESC","blue"
"RNF10","turquoise"
"P2RX7","blue"
"CAMKK2","blue"
"RSRC2","turquoise"
"AC026333.3","blue"
"HCAR2","blue"
"HCAR3","blue"
"RILPL2","blue"
"SCARB1","blue"
"AC007368.1","yellow"
"GLT1D1","blue"
"ADGRD1","blue"
"MMP17","blue"
"PSPC1","turquoise"
"LATS2","blue"
"FLT3","blue"
"FLT1","blue"
"FRY","blue"
"STARD13","blue"
"LACC1","blue"
"RUBCNL","blue"
"CYSLTR2","blue"
"ARL11","blue"
"DLEU2","blue"
"WDFY2","blue"
"DACH1","blue"
"KCTD12","blue"
"UGGT2","blue"
"ARGLU1","turquoise"
"TNFSF13B","blue"
"AL163541.1","blue"
"RAB20","blue"
"ATP11A","blue"
"RNASE4","blue"
"RNASE6","blue"
"RNASE2","blue"
"ARHGEF40","blue"
"TRDC","brown"
"SLC7A7","blue"
"GZMH","brown"
"HECTD1","turquoise"
"FBXO33","turquoise"
"PYGL","blue"
"PTGDR","brown"
"SAMD4A","blue"
"LGALS3","blue"
"AL158801.2","blue"
"PELI2","blue"
"LINC02284","blue"
"RTN1","blue"
"ZBTB1","turquoise"
"MAX","turquoise"
"AL355076.2","yellow"
"SIPA1L1","blue"
"PSEN1","blue"
"NUMB","blue"
"AC005280.2","blue"
"JDP2","blue"
"FLVCR2","blue"
"VASH1","blue"
"KCNK13","blue"
"NRDE2","turquoise"
"SLC24A4","blue"
"ITPK1","blue"
"SERPINA1","blue"
"CLMN","blue"
"AL157871.4","blue"
"WARS","blue"
"TNFAIP2","blue"
"PLD4","blue"
"IGHA2","green"
"IGHG4","green"
"IGHG2","green"
"IGHGP","green"
"IGHA1","green"
"IGHG1","green"
"IGHG3","green"
"IGHD","yellow"
"IGHM","green"
"FAM30A","green"
"CYFIP1","blue"
"FMN1","blue"
"SPRED1","blue"
"THBS1","blue"
"AC037198.1","blue"
"BMF","blue"
"SPINT1","blue"
"CHP1","blue"
"UBR1","turquoise"
"AC025580.2","blue"
"ATP8B4","blue"
"TRPM7","turquoise"
"AC066613.2","blue"
"DMXL2","blue"
"TCF12","turquoise"
"LINC00926","yellow"
"POLR2M","turquoise"
"ALDH1A2","blue"
"AQP9","blue"
"MYO1E","blue"
"ANXA2","blue"
"LACTB","blue"
"OAZ2","blue"
"CALML4","blue"
"CTSH","blue"
"BCL2A1","blue"
"TM6SF1","blue"
"ANPEP","blue"
"ARPIN","blue"
"ZNF710","blue"
"AC124248.1","blue"
"FES","blue"
"AC106028.4","blue"
"ARRDC4","blue"
"LRRK1","blue"
"SNRPA1","turquoise"
"MSRB1","blue"
"MEFV","blue"
"ROGDI","blue"
"CIITA","blue"
"TNFRSF17","green"
"CPPED1","blue"
"AC109597.1","blue"
"ITPRIPL2","blue"
"IGSF6","blue"
"TNRC6A","turquoise"
"APOBR","blue"
"CD19","yellow"
"AC009093.2","blue"
"FUS","turquoise"
"ITGAM","blue"
"ITGAX","blue"
"ZNF267","blue"
"NOD2","blue"
"FTO","turquoise"
"MMP2","blue"
"MMP2-AS1","blue"
"LPCAT2","blue"
"CES1","blue"
"ADGRG1","brown"
"KIFC3","brown"
"CMTM4","blue"
"TPPP3","blue"
"ZDHHC1","blue"
"ATP6V0D1","blue"
"CTCF","turquoise"
"VPS4A","turquoise"
"ZFHX3","blue"
"MLKL","blue"
"WDR59","turquoise"
"COTL1","blue"
"AC025280.3","blue"
"CRISPLD2","blue"
"ZDHHC7","blue"
"KIAA0513","blue"
"IRF8","blue"
"CBFA2T3","blue"
"FAM157C","blue"
"AC133919.2","blue"
"ABR","blue"
"PITPNA","blue"
"SLC43A2","blue"
"SCARF1","blue"
"PRPF8","turquoise"
"MIR22HG","blue"
"PAFAH1B1","turquoise"
"P2RX1","blue"
"ARRB2","blue"
"CXCL16","blue"
"ZMYND15","blue"
"SCIMP","blue"
"CLEC10A","blue"
"ASGR2","blue"
"ASGR1","blue"
"GABARAP","blue"
"TNFSF13","blue"
"CD68","blue"
"GAS7","blue"
"TNFRSF13B","green"
"SPECC1","blue"
"LGALS9","blue"
"RAB34","blue"
"GOSR1","turquoise"
"ADAP2","blue"
"RNF135","blue"
"AC015849.1","brown"
"CCL5","brown"
"AC243829.4","brown"
"CCL3","blue"
"CCL4","brown"
"AC243829.2","brown"
"AC243829.1","brown"
"CCL3L1","blue"
"CCL4L2","blue"
"RARA-AS1","blue"
"JUP","blue"
"ATP6V0A1","blue"
"CCDC200","blue"
"DUSP3","blue"
"GRN","blue"
"FZD2","blue"
"TBX21","brown"
"GNGT2","blue"
"ABI3","blue"
"ABCC3","blue"
"PCTP","blue"
"AC015912.3","blue"
"SCPEP1","blue"
"CUEDC1","blue"
"PRR11","blue"
"VMP1","blue"
"USP32","blue"
"PECAM1","blue"
"MILR1","blue"
"GNA13","blue"
"RGS9","brown"
"BPTF","turquoise"
"CDC42EP4","blue"
"TTYH2","blue"
"CD300A","blue"
"CD300LB","blue"
"CD300C","blue"
"AC064805.1","blue"
"CD300E","blue"
"CD300LF","blue"
"TMEM104","blue"
"SLC16A5","blue"
"UBE2O","turquoise"
"ST6GALNAC2","blue"
"AFMID","blue"
"TIMP2","blue"
"GAA","blue"
"BAIAP2-DT","blue"
"BAIAP2","blue"
"AATK","blue"
"MAFG","blue"
"SECTM1","blue"
"METRNL","blue"
"THOC1","turquoise"
"EMILIN2","blue"
"EPB41L3","blue"
"AP005059.2","blue"
"AP001021.3","blue"
"L3MBTL4","blue"
"RAB31","blue"
"IMPA2","blue"
"TUBB6","blue"
"SPIRE1","blue"
"RBBP8","blue"
"OSBPL1A","blue"
"KLHL14","green"
"DTNA","blue"
"C18orf25","turquoise"
"RNF165","brown"
"CTIF","blue"
"SMAD4","turquoise"
"TCF4","blue"
"ALPK2","blue"
"ZNF532","blue"
"SERPINB8","blue"
"SOCS6","blue"
"ZNF516","blue"
"AC009716.1","blue"
"CFD","blue"
"ARID3A","blue"
"GNA15","blue"
"MATK","brown"
"RFX2","blue"
"ADGRE1","blue"
"INSR","blue"
"MCOLN1","blue"
"STXBP2","blue"
"RETN","blue"
"MCEMP1","blue"
"FCER2","yellow"
"PRAM1","blue"
"MYO1F","blue"
"AC011511.2","blue"
"ICAM1","blue"
"S1PR5","brown"
"ILF3","turquoise"
"C19orf38","blue"
"SMARCA4","turquoise"
"TSPAN16","blue"
"AC011472.2","blue"
"RAB3D","blue"
"PLPPR2","blue"
"LYL1","blue"
"AC020916.1","blue"
"PRKACA","blue"
"ADGRE3","blue"
"ADGRE2","blue"
"MYO9B","blue"
"SLC27A1","blue"
"COLGALT1","blue"
"IFI30","blue"
"LRRC25","blue"
"HOMER3","blue"
"TSHZ3","blue"
"CEBPA","blue"
"KCTD15","blue"
"LSM14A","turquoise"
"CD22","yellow"
"FFAR2","blue"
"TYROBP","blue"
"CAPNS1","blue"
"KCNK6","blue"
"RASGRP4","blue"
"BLVRB","blue"
"SHKBP1","blue"
"CYP2S1","blue"
"CEACAM4","blue"
"CD79A","yellow"
"PLAUR","blue"
"PVR","blue"
"NECTIN2","blue"
"PTGIR","blue"
"C5AR1","blue"
"C5AR2","blue"
"DHX34","blue"
"FTL","blue"
"FCGRT","blue"
"KCNC3","blue"
"SIGLEC9","blue"
"SIGLEC7","blue"
"CD33","blue"
"NKG7","brown"
"SIGLEC10","blue"
"SIGLEC5","blue"
"AC018755.4","blue"
"SIGLEC14","blue"
"FPR1","blue"
"FPR2","blue"
"FPR3","blue"
"NLRP12","blue"
"VSTM1","blue"
"OSCAR","blue"
"MBOAT7","blue"
"LILRB3","blue"
"LILRA6","blue"
"LILRB2","blue"
"LILRA5","blue"
"LILRA2","blue"
"LILRA1","blue"
"LILRB1","blue"
"LILRB4","blue"
"KIR2DL3","brown"
"KIR2DL1","brown"
"KIR3DL1","brown"
"KIR3DL2","brown"
"FCAR","blue"
"NCR1","brown"
"TMEM150B","blue"
"FAM110A","blue"
"SIRPB2","blue"
"SIRPD","blue"
"SIRPB1","blue"
"AL109809.5","blue"
"SIRPA","blue"
"C20orf27","blue"
"RASSF2","blue"
"TMEM230","turquoise"
"PLCB1","blue"
"RIN2","blue"
"CD93","blue"
"CST3","blue"
"CST7","brown"
"HCK","blue"
"ACSS2","blue"
"RBM39","turquoise"
"SOGA1","blue"
"SRC","blue"
"MAFB","blue"
"CD40","yellow"
"SULF2","blue"
"CSE1L","turquoise"
"CEBPB","blue"
"SMIM25","blue"
"CTSZ","blue"
"ZBTB46","blue"
"PRPF6","turquoise"
"BACH1","blue"
"OLIG1","blue"
"IFNGR2","blue"
"SON","turquoise"
"ITSN1","blue"
"KCNE1","blue"
"ETS2","blue"
"BACE2","yellow"
"AATBC","blue"
"LINC01678","blue"
"TRPM2","blue"
"SLC19A1","blue"
"BID","blue"
"CLTCL1","blue"
"LINC01637","blue"
"PPM1F","blue"
"IGLV1-51","green"
"IGLV1-40","green"
"IGLV2-14","green"
"IGLV2-11","green"
"IGLV3-10","green"
"IGLC1","green"
"IGLC2","green"
"IGLC3","green"
"VPREB3","yellow"
"DERL3","green"
"GRK3","blue"
"SEZ6L","blue"
"GAS2L1","blue"
"AP1B1","blue"
"TCN2","blue"
"HMOX1","blue"
"NCF4","blue"
"CSF2RB","blue"
"TST","blue"
"MPST","blue"
"LGALS2","blue"
"LGALS1","blue"
"GTPBP1","turquoise"
"APOBEC3A","blue"
"TNFRSF13C","green"
"NAGA","blue"
"NFAM1","blue"
"KIAA0930","blue"
"TTC38","brown"
"CELSR1","yellow"
"PLXNB2","blue"
"SCO2","blue"
"TYMP","blue"
"ODF3B","blue"
"U62317.4","blue"
"CSF2RA","blue"
"IL3RA","blue"
"ARSD","blue"
"TLR8","blue"
"AP1S2","blue"
"REPS2","blue"
"NHS","blue"
"ACOT9","blue"
"SAT1","blue"
"CXorf21","blue"
"GK","blue"
"CYBB","blue"
"MID1IP1","blue"
"MIR222HG","blue"
"CHST7","blue"
"RP2","blue"
"TIMP1","blue"
"CFP","blue"
"TFE3","blue"
"CLCN5","blue"
"IQSEC2","blue"
"HUWE1","turquoise"
"AL034397.3","blue"
"OPHN1","blue"
"NHSL2","blue"
"HDX","blue"
"DIAPH2","blue"
"BTK","blue"
"TMEM164","blue"
"IL13RA1","blue"
"ZNF185","blue"
"MPP1","blue"
"CLIC2","blue"
